atributo,unidade,geral,Intensivo em mensagens,Baixo engajamento,Intensivo em voz
Falhas de chamada,falhas de chamada,7.63,5.25,5.58,15.06
Reclamação registrada,proporção com reclamação,0.08,0.02,0.11,0.03
Tempo de assinatura,meses,32.54,32.6,32.29,33.17
Faixa de cobrança,faixa ordinal (0–10),0.94,1.03,0.4,2.31
Segundos de uso,segundos,4472.46,4256.45,2230.88,10654.14
Chamadas realizadas,chamadas,69.46,65.2,40.25,151.19
Mensagens enviadas,mensagens,73.17,277.83,15.28,60.13
Contatos distintos,números distintos,23.51,22.47,16.57,42.95
Plano por contrato,proporção em contrato,0.08,0.21,0.01,0.16
Linha inativa,proporção inativa,0.25,0.0,0.42,0.0
Idade,anos,31.0,28.52,30.88,33.35
Valor do cliente,unidades da operadora,470.97,1319.19,148.28,638.57
