classe_ou_media,precision,recall,f1-score,support,experimento,conjunto
0,0.9952830188679245,0.9943449575871819,0.9948137670909948,2122.0,Random Forest | Sem balanceamento,treino
1,0.9697732997481109,0.9746835443037974,0.9722222222222222,395.0,Random Forest | Sem balanceamento,treino
macro avg,0.9825281593080177,0.9845142509454896,0.9835179946566085,2517.0,Random Forest | Sem balanceamento,treino
weighted avg,0.9912797057760189,0.991259435836313,0.9912684114202895,2517.0,Random Forest | Sem balanceamento,treino
0,0.9776119402985075,0.9831144465290806,0.980355472404116,533.0,Random Forest | Sem balanceamento,teste
1,0.9072164948453608,0.88,0.8934010152284264,100.0,Random Forest | Sem balanceamento,teste
macro avg,0.9424142175719341,0.9315572232645404,0.9368782438162713,633.0,Random Forest | Sem balanceamento,teste
weighted avg,0.9664910168461937,0.966824644549763,0.9666185913337068,633.0,Random Forest | Sem balanceamento,teste
0,0.9981015662078785,0.9910461828463714,0.9945613620241192,2122.0,Random Forest | SMOTENC,treino
1,0.9536585365853658,0.9898734177215189,0.9714285714285714,395.0,Random Forest | SMOTENC,treino
macro avg,0.9758800513966222,0.9904598002839451,0.9829949667263453,2517.0,Random Forest | SMOTENC,treino
weighted avg,0.9911269946143574,0.9908621374652364,0.990931067115402,2517.0,Random Forest | SMOTENC,treino
0,0.9865900383141762,0.9662288930581614,0.976303317535545,533.0,Random Forest | SMOTENC,teste
1,0.8378378378378378,0.93,0.8815165876777251,100.0,Random Forest | SMOTENC,teste
macro avg,0.912213938076007,0.9481144465290807,0.9289099526066351,633.0,Random Forest | SMOTENC,teste
weighted avg,0.963090480576998,0.9605055292259084,0.9613291106069796,633.0,Random Forest | SMOTENC,teste
0,1.0,0.9151743638077285,0.9557086614173228,2122.0,Random Forest | Undersampling,treino
1,0.6869565217391305,1.0,0.8144329896907216,395.0,Random Forest | Undersampling,treino
macro avg,0.8434782608695652,0.9575871819038643,0.8850708255540223,2517.0,Random Forest | Undersampling,treino
weighted avg,0.9508731927242576,0.9284862932061978,0.9335378666886746,2517.0,Random Forest | Undersampling,treino
0,0.997946611909651,0.9118198874296435,0.9529411764705882,533.0,Random Forest | Undersampling,teste
1,0.678082191780822,0.99,0.8048780487804879,100.0,Random Forest | Undersampling,teste
macro avg,0.8380144018452365,0.9509099437148217,0.878909612625538,633.0,Random Forest | Undersampling,teste
weighted avg,0.947415107939852,0.9241706161137441,0.9295504769934791,633.0,Random Forest | Undersampling,teste
0,0.9693308550185874,0.9830348727615457,0.9761347683668694,2122.0,SVM | Sem balanceamento,treino
1,0.9013698630136986,0.8329113924050633,0.8657894736842106,395.0,SVM | Sem balanceamento,treino
macro avg,0.9353503590161429,0.9079731325833045,0.92096212102554,2517.0,SVM | Sem balanceamento,treino
weighted avg,0.9586655424075698,0.9594755661501788,0.958817966062678,2517.0,SVM | Sem balanceamento,treino
0,0.9544626593806922,0.9831144465290806,0.9685767097966729,533.0,SVM | Sem balanceamento,teste
1,0.8928571428571429,0.75,0.8152173913043478,100.0,SVM | Sem balanceamento,teste
macro avg,0.9236599011189175,0.8665572232645403,0.8918970505505104,633.0,SVM | Sem balanceamento,teste
weighted avg,0.9447303502932436,0.9462875197472354,0.944349329308154,633.0,SVM | Sem balanceamento,teste
0,0.991588322612568,0.944392082940622,0.9674149167270094,2122.0,SVM | SMOTENC,treino
1,0.7620967741935484,0.9569620253164557,0.8484848484848485,395.0,SVM | SMOTENC,treino
macro avg,0.8768425484030582,0.9506770541285389,0.9079498826059289,2517.0,SVM | SMOTENC,treino
weighted avg,0.9555735583592853,0.9463647199046484,0.9487508813850731,2517.0,SVM | SMOTENC,treino
0,0.9880478087649402,0.9305816135084428,0.9584541062801932,533.0,SVM | SMOTENC,teste
1,0.7175572519083969,0.94,0.8138528138528138,100.0,SVM | SMOTENC,teste
macro avg,0.8528025303366686,0.9352908067542214,0.8861534600665035,633.0,SVM | SMOTENC,teste
weighted avg,0.9453162831951862,0.9320695102685624,0.9356103002095171,633.0,SVM | SMOTENC,teste
0,0.9948078920041536,0.9029217719132894,0.9466403162055336,2122.0,SVM | Undersampling,treino
1,0.6514382402707276,0.9746835443037974,0.7809330628803245,395.0,SVM | Undersampling,treino
macro avg,0.8231230661374407,0.9388026581085434,0.863786689542929,2517.0,SVM | Undersampling,treino
weighted avg,0.9409219116963652,0.9141835518474374,0.9206354035859635,2517.0,SVM | Undersampling,treino
0,0.9937629937629938,0.8968105065666041,0.9428007889546351,533.0,SVM | Undersampling,teste
1,0.6381578947368421,0.97,0.7698412698412699,100.0,SVM | Undersampling,teste
macro avg,0.815960444249918,0.933405253283302,0.8563210293979525,633.0,SVM | Undersampling,teste
weighted avg,0.9375852530005686,0.9083728278041074,0.9154770102637402,633.0,SVM | Undersampling,teste
0,0.9962174940898345,0.9929311969839774,0.9945716308708992,2122.0,KNN | Sem balanceamento,treino
1,0.9626865671641791,0.979746835443038,0.9711417816813049,395.0,KNN | Sem balanceamento,treino
macro avg,0.9794520306270068,0.9863390162135077,0.982856706276102,2517.0,KNN | Sem balanceamento,treino
weighted avg,0.9909553899437742,0.9908621374652364,0.990894717708448,2517.0,KNN | Sem balanceamento,treino
0,0.9644859813084112,0.9681050656660413,0.9662921348314607,533.0,KNN | Sem balanceamento,teste
1,0.826530612244898,0.81,0.8181818181818182,100.0,KNN | Sem balanceamento,teste
macro avg,0.8955082967766546,0.8890525328330207,0.8922369765066395,633.0,KNN | Sem balanceamento,teste
weighted avg,0.9426920841419794,0.943127962085308,0.9428939805424178,633.0,KNN | Sem balanceamento,teste
0,0.9971577451444813,0.9919886899151744,0.9945665012993149,2122.0,KNN | SMOTENC,treino
1,0.958128078817734,0.9848101265822785,0.9712858926342073,395.0,KNN | SMOTENC,treino
macro avg,0.9776429119811076,0.9883994082487264,0.9829261969667611,2517.0,KNN | SMOTENC,treino
weighted avg,0.9910327081166446,0.9908621374652364,0.9909130088786882,2517.0,KNN | SMOTENC,treino
0,0.9880715705765407,0.9324577861163227,0.9594594594594594,533.0,KNN | SMOTENC,teste
1,0.7230769230769231,0.94,0.8173913043478261,100.0,KNN | SMOTENC,teste
macro avg,0.8555742468267319,0.9362288930581613,0.8884253819036427,633.0,KNN | SMOTENC,teste
weighted avg,0.9462082771326832,0.933649289099526,0.9370158330595174,633.0,KNN | SMOTENC,teste
0,0.9994895354772844,0.9227144203581527,0.9595687331536388,2122.0,KNN | Undersampling,treino
1,0.7060931899641577,0.9974683544303797,0.8268625393494229,395.0,KNN | Undersampling,treino
macro avg,0.8527913627207211,0.9600913873942662,0.8932156362515309,2517.0,KNN | Undersampling,treino
weighted avg,0.9534460088671592,0.9344457687723481,0.9387427710747095,2517.0,KNN | Undersampling,treino
0,0.9916839916839917,0.8949343339587242,0.9408284023668639,533.0,KNN | Undersampling,teste
1,0.631578947368421,0.96,0.7619047619047619,100.0,KNN | Undersampling,teste
macro avg,0.8116314695262064,0.9274671669793622,0.851366582135813,633.0,KNN | Undersampling,teste
weighted avg,0.9347953590906947,0.9052132701421801,0.9125624244107655,633.0,KNN | Undersampling,teste
0,0.843067143424712,1.0,0.9148523388661349,2122.0,Baseline majoritária,treino
1,0.0,0.0,0.0,395.0,Baseline majoritária,treino
macro avg,0.421533571712356,0.5,0.45742616943306746,2517.0,Baseline majoritária,treino
weighted avg,0.7107622083223039,0.843067143424712,0.771281947983289,2517.0,Baseline majoritária,treino
0,0.8420221169036335,1.0,0.9142367066895368,533.0,Baseline majoritária,teste
1,0.0,0.0,0.0,100.0,Baseline majoritária,teste
macro avg,0.42101105845181674,0.5,0.4571183533447684,633.0,Baseline majoritária,teste
weighted avg,0.7090012453548762,0.8420221169036335,0.76980752711773,633.0,Baseline majoritária,teste
