n_init,k,silhueta_media,silhueta_dp,silhueta_min,silhueta_max,inercia_media,inercia_dp,ari_medio,ari_minimo,particoes_distintas
1,2,0.30422390595091253,1.1102230246251565e-16,0.3042239059509124,0.3042239059509124,17087.84615447276,0.007312713116698432,1.0,1.0,2
1,3,0.2925626843812559,0.0326298978438968,0.1963205164617921,0.30635433293414005,14195.167554651276,650.0465677567096,0.8221720071614798,0.41173663539291677,14
1,4,0.25354919483349125,0.03393062786839542,0.19823058437591057,0.312475708753756,12560.13092734431,79.73821701519323,0.6008689880469195,0.3607686145372002,20
1,5,0.2296400612381002,0.024668327489696766,0.1991182989163282,0.28163859225314125,11319.69832261143,147.43010406962418,0.5688444753503099,0.2976211935486487,20
1,6,0.2397327286638627,0.02288837082116221,0.20528684496503768,0.2775826060423074,10175.154986822312,133.2651962516245,0.6132280047353691,0.37443767494279795,20
20,2,0.30422390595091253,1.1102230246251565e-16,0.3042239059509124,0.3042239059509124,17087.84615447276,0.0073127131173047625,1.0,1.0,2
20,3,0.3060761067832595,0.00027792725795241694,0.3049656681177079,0.30635433293414005,13872.276689727925,0.021150211806113584,0.9971263416950402,0.9884805713822893,8
20,4,0.20230181983136958,0.0022467892032573497,0.19850640931894026,0.20408009034707952,12468.01284302168,0.355027574114402,0.9538056959859815,0.8902375956401045,20
20,5,0.250308539125579,0.02206341480965331,0.21624884035508368,0.2649121668564494,11191.823608594254,27.685286833487158,0.777853749708144,0.5056362271101494,20
20,6,0.2342666160593474,0.0006634273732183582,0.2323496164311658,0.2346430526548257,10037.638070266972,20.1940833972727,0.9640813745011231,0.82043383819033,20
