algoritmo,k,silhueta,menor_grupo,maior_grupo,ari_vs_kmeans
KMeans,2,0.3042239059509124,866,1651,1.0
Ward,2,0.2738157547874694,958,1559,0.5972240120467752
GMM,2,0.14840134843788652,892,1625,0.15024156001602676
KMeans,3,0.30606359423736185,459,1493,1.0
Ward,3,0.2683706745100324,152,1559,0.5506298542203252
GMM,3,0.11104061031704525,719,1065,0.2531612344687393
KMeans,4,0.203857375321247,356,880,1.0
Ward,4,0.26284194780694886,152,1559,0.32277022693739094
GMM,4,0.10199135106674401,308,1299,0.11295944341985126
KMeans,5,0.2649121668564494,310,1070,1.0
Ward,5,0.21146199344439195,152,1200,0.5279301344426643
GMM,5,0.13964065880770718,129,1023,0.2692075205003939
KMeans,6,0.2346430526548257,226,675,1.0
Ward,6,0.1932571363601184,152,658,0.5842174812346816
GMM,6,0.07667045472109449,39,1293,0.23871683319240342
