escala,k,silhueta,inercia,menor_grupo,maior_grupo
standard,2,0.3042239059509124,17087.84371690172,866,1651
standard,3,0.30606359423736185,13872.260091784363,459,1493
standard,4,0.203857375321247,12467.820068364685,356,880
standard,5,0.2649121668564494,11173.619256137998,310,1070
standard,6,0.2346430526548257,10031.241418847852,226,675
minmax,2,0.37917589688400033,1223.4956263478284,616,1901
minmax,3,0.3328672752372705,999.1318447612023,578,1323
minmax,4,0.3426781825771312,840.0945473748893,418,1002
minmax,5,0.36177995666515034,701.3444798748035,200,962
minmax,6,0.39452252272454097,591.9578936996056,162,924
none,2,0.6729303628108926,13936764785.016203,432,2085
none,3,0.6166513902952465,5579955691.4712715,263,1582
none,4,0.5442121893503972,3321658965.525838,236,936
none,5,0.5605033033239383,1993029051.848376,197,920
none,6,0.5299573180822055,1482485744.3639133,195,686
