conjunto,n_atributos,k,silhueta,menor_grupo
completo (12),12,2,0.3042239059509124,866
completo (12),12,3,0.30606359423736185,459
completo (12),12,4,0.203857375321247,356
completo (12),12,5,0.2649121668564494,310
completo (12),12,6,0.2346430526548257,226
sem binarias (9),9,2,0.31738092454092437,853
sem binarias (9),9,3,0.3183446578848862,456
sem binarias (9),9,4,0.2702674869633939,324
sem binarias (9),9,5,0.27844941713387544,307
sem binarias (9),9,6,0.27869040765182934,156
sem customer_value (11),11,2,0.31108048533316074,707
sem customer_value (11),11,3,0.23690542188158617,467
sem customer_value (11),11,4,0.23450682285029045,348
sem customer_value (11),11,5,0.25474960654246387,312
sem customer_value (11),11,6,0.251758321592568,171
somente uso (4),4,2,0.47252090136622243,630
somente uso (4),4,3,0.4758425410557774,455
somente uso (4),4,4,0.4248425640245553,368
somente uso (4),4,5,0.431536677916426,59
somente uso (4),4,6,0.4415424643739574,57
