row_id,grupo,conjunto,fold_validacao
0,0,teste,-1
1,1,treino,1
2,2,treino,3
3,3,treino,0
4,4,treino,1
5,5,treino,1
6,6,treino,4
7,7,teste,-1
8,8,treino,0
9,9,treino,0
10,10,treino,4
11,11,teste,-1
12,12,treino,3
13,13,treino,0
14,14,teste,-1
15,15,teste,-1
16,16,treino,3
17,17,teste,-1
18,18,treino,3
19,19,teste,-1
20,20,treino,2
21,21,treino,4
22,22,treino,2
23,23,treino,4
24,24,treino,3
25,25,teste,-1
26,26,teste,-1
27,27,treino,3
28,28,treino,4
29,29,treino,0
30,30,treino,1
31,31,treino,2
32,32,treino,0
33,33,treino,2
34,34,treino,3
35,35,treino,1
36,36,treino,4
37,37,treino,2
38,38,treino,4
39,39,treino,4
40,40,treino,4
41,41,treino,4
42,42,treino,1
43,43,teste,-1
44,44,treino,2
45,45,treino,0
46,46,treino,4
47,47,teste,-1
48,48,treino,1
49,49,treino,4
50,50,treino,1
51,51,treino,1
52,52,teste,-1
53,53,treino,4
54,54,treino,0
55,55,teste,-1
56,56,teste,-1
57,57,treino,0
58,58,treino,2
59,59,treino,4
60,60,treino,2
61,61,treino,1
62,62,treino,3
63,63,treino,2
64,64,treino,1
65,65,treino,1
66,66,treino,4
67,67,treino,0
68,68,treino,2
69,69,treino,3
70,70,teste,-1
71,71,treino,0
72,72,teste,-1
73,73,treino,4
74,74,teste,-1
75,75,treino,1
76,76,treino,1
77,77,treino,2
78,78,teste,-1
79,79,treino,4
80,80,treino,3
81,81,treino,3
82,82,treino,0
83,83,treino,1
84,84,treino,1
85,85,treino,1
86,86,teste,-1
87,87,teste,-1
88,88,treino,0
89,89,treino,1
90,90,treino,3
91,91,treino,2
92,92,treino,2
93,93,treino,1
94,94,teste,-1
95,95,treino,0
96,96,treino,2
97,97,treino,0
98,98,treino,3
99,99,treino,2
100,100,treino,2
101,101,treino,3
102,102,treino,1
103,103,treino,3
104,104,treino,3
105,105,treino,0
106,106,treino,1
107,107,treino,4
108,108,teste,-1
109,109,treino,3
110,110,teste,-1
111,111,treino,4
112,112,treino,4
113,113,teste,-1
114,114,treino,3
115,115,teste,-1
116,116,treino,3
117,117,treino,3
118,118,treino,2
119,119,teste,-1
120,120,treino,4
121,121,teste,-1
122,122,teste,-1
123,123,treino,1
124,124,treino,4
125,125,treino,4
126,126,treino,4
127,127,treino,2
128,128,teste,-1
129,129,treino,1
130,130,treino,3
131,131,treino,2
132,132,teste,-1
133,133,treino,1
134,134,treino,3
135,135,teste,-1
136,136,teste,-1
137,137,treino,4
138,138,teste,-1
139,139,treino,2
140,140,treino,1
141,141,treino,1
142,142,treino,0
143,143,teste,-1
144,144,treino,1
145,145,treino,3
146,146,treino,1
147,147,treino,3
148,148,teste,-1
149,149,teste,-1
150,150,treino,2
151,151,treino,3
152,152,treino,1
153,153,teste,-1
154,154,treino,1
155,155,treino,1
156,156,treino,3
157,157,treino,0
158,158,treino,2
159,159,treino,0
160,160,treino,1
161,161,treino,4
162,162,treino,2
163,163,teste,-1
164,164,treino,2
165,165,treino,0
166,166,treino,4
167,167,treino,1
168,168,treino,4
169,169,treino,3
170,170,treino,2
171,171,treino,1
172,172,treino,2
173,173,teste,-1
174,174,treino,3
175,175,teste,-1
176,176,teste,-1
177,177,treino,4
178,178,treino,2
179,179,treino,1
180,180,treino,3
181,181,teste,-1
182,182,treino,2
183,183,treino,2
184,184,treino,0
185,185,teste,-1
186,186,treino,3
187,187,treino,1
188,188,treino,0
189,189,teste,-1
190,190,treino,3
191,191,treino,1
192,192,treino,0
193,193,treino,1
194,194,treino,4
195,195,teste,-1
196,196,treino,3
197,197,teste,-1
198,198,treino,2
199,199,teste,-1
200,200,treino,1
201,118,treino,2
202,201,teste,-1
203,202,treino,4
204,203,treino,0
205,204,treino,4
206,205,treino,4
207,206,treino,0
208,207,treino,2
209,208,treino,0
210,209,treino,1
211,210,teste,-1
212,211,teste,-1
213,212,treino,4
214,213,treino,1
215,214,treino,0
216,215,treino,3
217,216,treino,0
218,217,teste,-1
219,218,treino,2
220,219,treino,4
221,220,teste,-1
222,221,treino,1
223,222,treino,3
224,223,treino,4
225,224,teste,-1
226,225,treino,1
227,226,treino,3
228,227,treino,0
229,228,treino,2
230,229,treino,0
231,230,treino,2
232,231,treino,4
233,232,treino,4
234,233,treino,1
235,234,treino,3
236,235,treino,4
237,236,teste,-1
238,237,treino,1
239,238,treino,0
240,239,treino,2
241,240,treino,0
242,241,treino,2
243,242,treino,0
244,243,treino,0
245,244,teste,-1
246,245,treino,0
247,246,treino,4
248,247,treino,4
249,248,treino,0
250,249,teste,-1
251,250,teste,-1
252,251,teste,-1
253,252,treino,3
254,253,treino,3
255,254,treino,3
256,255,treino,3
257,256,treino,2
258,257,teste,-1
259,258,treino,3
260,259,treino,1
261,260,treino,2
262,261,treino,2
263,262,teste,-1
264,263,treino,4
265,264,teste,-1
266,265,treino,0
267,266,treino,0
268,267,teste,-1
269,268,treino,1
270,269,treino,4
271,270,treino,1
272,271,treino,4
273,272,treino,2
274,273,treino,1
275,274,treino,4
276,275,treino,1
277,276,treino,3
278,277,teste,-1
279,278,treino,2
280,279,treino,3
281,280,treino,0
282,281,treino,1
283,282,treino,1
284,283,treino,2
285,284,treino,3
286,285,treino,1
287,286,treino,0
288,287,treino,1
289,288,treino,4
290,289,treino,3
291,290,treino,0
292,291,treino,4
293,292,treino,0
294,293,treino,0
295,294,treino,4
296,295,treino,3
297,296,teste,-1
298,297,teste,-1
299,298,teste,-1
300,299,treino,4
301,217,teste,-1
302,300,treino,4
303,301,treino,0
304,302,treino,2
305,303,treino,3
306,304,treino,4
307,305,teste,-1
308,306,treino,1
309,307,treino,1
310,308,teste,-1
311,309,treino,2
312,310,teste,-1
313,311,treino,0
314,312,teste,-1
315,313,treino,3
316,314,treino,3
317,315,treino,3
318,316,treino,4
319,317,treino,2
320,318,teste,-1
321,319,treino,0
322,320,treino,1
323,321,teste,-1
324,322,treino,2
325,323,teste,-1
326,324,teste,-1
327,325,treino,4
328,326,treino,4
329,327,treino,0
330,328,treino,2
331,329,treino,4
332,330,treino,2
333,331,treino,3
334,332,teste,-1
335,333,treino,0
336,334,treino,1
337,335,treino,0
338,336,treino,1
339,337,treino,0
340,338,treino,3
341,339,teste,-1
342,340,treino,3
343,341,teste,-1
344,342,treino,3
345,343,treino,2
346,344,treino,4
347,345,teste,-1
348,346,treino,3
349,347,treino,4
350,348,treino,2
351,349,treino,0
352,350,treino,3
353,351,treino,3
354,352,treino,1
355,353,treino,1
356,354,treino,4
357,355,treino,3
358,356,teste,-1
359,357,treino,2
360,358,teste,-1
361,359,treino,3
362,360,teste,-1
363,361,treino,0
364,362,treino,3
365,363,teste,-1
366,364,treino,2
367,365,treino,2
368,366,treino,0
369,367,treino,4
370,368,teste,-1
371,369,teste,-1
372,370,treino,0
373,371,treino,3
374,372,teste,-1
375,373,teste,-1
376,374,teste,-1
377,375,teste,-1
378,376,teste,-1
379,377,treino,0
380,378,treino,0
381,379,treino,0
382,380,treino,1
383,381,treino,3
384,382,treino,1
385,383,teste,-1
386,384,teste,-1
387,385,treino,4
388,386,teste,-1
389,387,treino,3
390,388,treino,0
391,389,teste,-1
392,390,treino,3
393,391,treino,3
394,392,treino,4
395,393,treino,3
396,394,treino,4
397,395,treino,3
398,396,teste,-1
399,397,teste,-1
400,398,treino,1
401,399,treino,2
402,400,treino,1
403,401,treino,2
404,402,treino,0
405,403,teste,-1
406,404,treino,4
407,405,treino,1
408,406,treino,1
409,407,treino,0
410,408,treino,1
411,409,treino,4
412,410,treino,2
413,411,treino,4
414,412,treino,2
415,413,treino,0
416,414,treino,2
417,415,treino,0
418,416,treino,0
419,417,treino,0
420,418,teste,-1
421,419,teste,-1
422,420,treino,0
423,421,treino,3
424,422,treino,3
425,423,treino,3
426,424,treino,0
427,425,teste,-1
428,426,treino,3
429,427,teste,-1
430,428,treino,0
431,429,treino,2
432,430,treino,0
433,431,treino,4
434,432,treino,4
435,433,treino,4
436,434,treino,2
437,435,treino,3
438,436,treino,3
439,437,treino,4
440,438,treino,4
441,439,treino,3
442,440,treino,1
443,441,treino,0
444,442,teste,-1
445,443,teste,-1
446,444,treino,4
447,445,treino,2
448,446,teste,-1
449,447,treino,4
450,448,treino,2
451,449,treino,1
452,450,teste,-1
453,451,treino,1
454,452,treino,3
455,453,treino,0
456,454,treino,4
457,455,treino,4
458,456,treino,3
459,457,treino,0
460,458,treino,3
461,459,treino,0
462,460,teste,-1
463,461,treino,1
464,462,treino,4
465,463,treino,3
466,464,treino,1
467,465,teste,-1
468,466,treino,0
469,467,treino,2
470,468,treino,1
471,469,treino,4
472,470,treino,3
473,471,treino,0
474,472,treino,0
475,473,treino,4
476,474,treino,4
477,475,treino,2
478,476,treino,3
479,477,treino,4
480,478,treino,2
481,479,treino,0
482,480,teste,-1
483,481,treino,0
484,482,teste,-1
485,483,treino,3
486,484,treino,2
487,485,teste,-1
488,486,treino,2
489,487,treino,4
490,488,teste,-1
491,489,teste,-1
492,490,treino,4
493,491,teste,-1
494,492,teste,-1
495,493,teste,-1
496,494,treino,1
497,495,treino,2
498,496,treino,2
499,497,treino,0
500,498,treino,4
501,499,treino,1
502,500,treino,2
503,501,treino,2
504,502,treino,2
505,503,treino,4
506,504,treino,0
507,505,treino,4
508,506,treino,4
509,507,treino,0
510,508,treino,4
511,509,treino,0
512,510,teste,-1
513,511,treino,3
514,512,teste,-1
515,513,treino,0
516,514,teste,-1
517,515,treino,4
518,18,treino,3
519,516,treino,1
520,517,treino,3
521,518,teste,-1
522,519,treino,1
523,520,treino,3
524,521,treino,1
525,522,treino,3
526,523,treino,2
527,524,treino,4
528,525,treino,2
529,526,treino,4
530,527,treino,1
531,528,treino,1
532,529,treino,4
533,530,teste,-1
534,531,treino,1
535,532,teste,-1
536,533,treino,4
537,534,treino,4
538,535,treino,0
539,536,treino,1
540,537,treino,3
541,538,treino,2
542,539,teste,-1
543,540,treino,2
544,541,treino,4
545,542,treino,0
546,543,treino,4
547,544,teste,-1
548,545,treino,4
549,546,treino,1
550,547,treino,2
551,548,treino,4
552,549,treino,2
553,550,treino,0
554,551,treino,0
555,552,treino,0
556,553,teste,-1
557,554,treino,1
558,555,treino,2
559,556,teste,-1
560,557,teste,-1
561,558,treino,4
562,559,treino,3
563,560,teste,-1
564,561,treino,0
565,562,treino,1
566,563,treino,2
567,564,treino,4
568,565,teste,-1
569,566,treino,0
570,567,treino,2
571,568,treino,2
572,569,treino,3
573,570,teste,-1
574,571,teste,-1
575,572,treino,0
576,573,treino,4
577,574,teste,-1
578,575,teste,-1
579,576,treino,3
580,577,treino,4
581,578,treino,4
582,579,treino,2
583,580,treino,4
584,581,treino,4
585,582,treino,1
586,583,treino,4
587,584,treino,0
588,585,treino,4
589,586,treino,4
590,587,treino,0
591,588,teste,-1
592,589,treino,0
593,590,treino,4
594,591,treino,3
595,592,teste,-1
596,593,teste,-1
597,594,treino,2
598,595,treino,2
599,596,treino,3
600,597,treino,2
601,598,treino,4
602,599,treino,3
603,600,teste,-1
604,601,teste,-1
605,602,treino,3
606,603,treino,3
607,604,treino,0
608,605,treino,2
609,606,treino,3
610,607,treino,2
611,608,treino,2
612,609,teste,-1
613,610,treino,1
614,611,treino,1
615,612,treino,2
616,613,treino,1
617,614,treino,4
618,615,treino,3
619,616,teste,-1
620,617,treino,3
621,618,treino,2
622,619,treino,0
623,620,treino,0
624,621,treino,1
625,622,treino,4
626,623,treino,1
627,624,treino,0
628,118,treino,2
629,625,treino,0
630,626,treino,0
631,627,teste,-1
632,628,treino,2
633,629,treino,0
634,630,treino,3
635,631,treino,1
636,632,treino,3
637,633,treino,4
638,634,treino,2
639,635,treino,3
640,636,treino,1
641,637,treino,0
642,638,treino,2
643,639,teste,-1
644,640,treino,2
645,641,treino,2
646,642,treino,0
647,643,teste,-1
648,644,treino,0
649,645,treino,2
650,646,teste,-1
651,647,treino,2
652,648,treino,1
653,649,treino,3
654,650,teste,-1
655,651,teste,-1
656,652,treino,0
657,653,treino,0
658,654,treino,4
659,655,treino,4
660,656,treino,3
661,657,treino,3
662,658,treino,1
663,659,treino,1
664,660,treino,0
665,661,teste,-1
666,662,teste,-1
667,663,treino,2
668,664,treino,3
669,665,treino,4
670,666,teste,-1
671,667,treino,1
672,668,teste,-1
673,669,treino,3
674,670,treino,2
675,671,treino,4
676,672,treino,0
677,673,treino,1
678,674,treino,0
679,675,teste,-1
680,676,treino,2
681,677,treino,1
682,678,teste,-1
683,679,treino,1
684,680,treino,0
685,681,treino,3
686,682,teste,-1
687,683,teste,-1
688,684,treino,4
689,685,teste,-1
690,686,treino,4
691,687,treino,0
692,688,treino,0
693,689,treino,3
694,690,treino,4
695,691,treino,3
696,692,teste,-1
697,693,treino,1
698,694,treino,4
699,695,treino,4
700,696,treino,0
701,697,teste,-1
702,698,treino,4
703,699,teste,-1
704,700,treino,4
705,701,treino,1
706,702,treino,3
707,703,treino,0
708,704,treino,0
709,705,treino,2
710,706,treino,3
711,707,treino,2
712,708,treino,4
713,709,treino,1
714,710,treino,1
715,711,treino,3
716,712,treino,1
717,713,teste,-1
718,18,treino,3
719,714,treino,4
720,715,treino,0
721,716,treino,3
722,717,treino,0
723,718,teste,-1
724,719,teste,-1
725,720,treino,2
726,721,treino,3
727,722,teste,-1
728,525,treino,2
729,723,treino,4
730,724,treino,1
731,725,treino,3
732,726,treino,2
733,727,treino,3
734,728,treino,2
735,729,treino,3
736,730,teste,-1
737,731,treino,1
738,732,treino,3
739,733,treino,2
740,734,treino,2
741,735,treino,3
742,736,treino,0
743,737,treino,4
744,738,treino,0
745,739,treino,0
746,740,treino,0
747,741,treino,1
748,742,treino,1
749,743,treino,1
750,744,treino,0
751,745,teste,-1
752,746,treino,3
753,747,teste,-1
754,748,treino,1
755,749,treino,4
756,750,treino,1
757,751,treino,1
758,752,teste,-1
759,753,treino,4
760,754,treino,0
761,755,teste,-1
762,756,treino,0
763,757,teste,-1
764,758,treino,4
765,759,treino,2
766,760,treino,4
767,761,treino,4
768,762,treino,4
769,763,treino,2
770,764,treino,0
771,765,treino,2
772,766,treino,3
773,767,treino,1
774,768,treino,1
775,769,teste,-1
776,770,treino,1
777,771,treino,2
778,772,treino,0
779,773,treino,2
780,774,treino,0
781,775,treino,2
782,776,treino,0
783,777,treino,3
784,778,treino,4
785,779,treino,2
786,780,treino,1
787,781,teste,-1
788,782,teste,-1
789,783,treino,0
790,784,treino,1
791,785,treino,3
792,786,teste,-1
793,787,treino,2
794,788,treino,0
795,789,treino,0
796,790,treino,2
797,791,treino,0
798,792,treino,0
799,793,treino,1
800,794,teste,-1
801,795,treino,1
802,796,teste,-1
803,797,teste,-1
804,798,teste,-1
805,799,treino,2
806,800,treino,2
807,801,teste,-1
808,802,treino,4
809,803,treino,2
810,804,treino,1
811,805,teste,-1
812,806,treino,2
813,807,treino,1
814,808,treino,4
815,809,treino,2
816,810,treino,4
817,811,treino,1
818,812,treino,1
819,813,treino,4
820,814,treino,2
821,815,treino,4
822,816,teste,-1
823,817,treino,4
824,818,treino,2
825,819,treino,2
826,820,treino,2
827,821,treino,1
828,822,treino,2
829,823,treino,1
830,824,teste,-1
831,825,treino,4
832,826,treino,1
833,827,treino,0
834,828,teste,-1
835,829,teste,-1
836,830,treino,3
837,831,treino,4
838,832,treino,1
839,833,teste,-1
840,834,treino,0
841,835,treino,4
842,836,treino,4
843,837,treino,4
844,838,treino,4
845,839,treino,4
846,840,treino,2
847,841,treino,2
848,842,treino,2
849,843,treino,0
850,844,treino,2
851,845,teste,-1
852,846,treino,4
853,847,treino,0
854,848,teste,-1
855,849,treino,4
856,850,treino,0
857,851,treino,4
858,852,treino,3
859,853,treino,3
860,854,treino,2
861,855,treino,3
862,856,teste,-1
863,857,treino,2
864,858,treino,0
865,859,treino,2
866,860,treino,1
867,861,teste,-1
868,862,treino,1
869,863,treino,3
870,864,treino,3
871,865,teste,-1
872,866,teste,-1
873,867,teste,-1
874,868,treino,0
875,869,treino,2
876,870,treino,1
877,871,teste,-1
878,872,treino,1
879,873,treino,4
880,874,treino,0
881,875,treino,1
882,876,treino,4
883,877,treino,0
884,878,treino,2
885,879,treino,3
886,880,teste,-1
887,881,treino,0
888,882,treino,4
889,883,teste,-1
890,884,treino,2
891,885,treino,4
892,886,treino,4
893,887,treino,0
894,888,treino,4
895,889,treino,4
896,890,treino,2
897,891,treino,4
898,892,treino,0
899,893,treino,0
900,894,treino,2
901,598,treino,4
902,895,treino,4
903,896,treino,3
904,897,treino,3
905,898,teste,-1
906,899,treino,0
907,900,treino,0
908,901,teste,-1
909,902,treino,4
910,903,treino,2
911,904,treino,2
912,905,teste,-1
913,906,treino,3
914,907,treino,2
915,908,treino,3
916,909,treino,4
917,18,treino,3
918,399,treino,2
919,910,treino,0
920,911,treino,0
921,912,treino,0
922,913,treino,0
923,914,treino,3
924,915,treino,2
925,916,treino,1
926,917,teste,-1
927,918,teste,-1
928,919,teste,-1
929,920,treino,0
930,921,treino,3
931,922,treino,1
932,923,treino,2
933,924,treino,1
934,925,treino,1
935,926,treino,2
936,927,teste,-1
937,928,treino,0
938,929,teste,-1
939,930,teste,-1
940,931,treino,0
941,932,teste,-1
942,933,treino,4
943,934,treino,4
944,935,treino,1
945,936,treino,1
946,937,treino,4
947,938,teste,-1
948,939,teste,-1
949,940,treino,2
950,0,teste,-1
951,1,treino,1
952,2,treino,3
953,3,treino,0
954,4,treino,1
955,5,treino,1
956,6,treino,4
957,7,teste,-1
958,8,treino,0
959,9,treino,0
960,10,treino,4
961,941,treino,0
962,12,treino,3
963,13,treino,0
964,14,teste,-1
965,15,teste,-1
966,16,treino,3
967,17,teste,-1
968,18,treino,3
969,19,teste,-1
970,20,treino,2
971,21,treino,4
972,942,treino,4
973,943,teste,-1
974,944,treino,3
975,25,teste,-1
976,945,treino,1
977,946,treino,1
978,28,treino,4
979,29,treino,0
980,30,treino,1
981,947,treino,4
982,32,treino,0
983,948,teste,-1
984,34,treino,3
985,35,treino,1
986,36,treino,4
987,37,treino,2
988,949,treino,4
989,39,treino,4
990,40,treino,4
991,41,treino,4
992,42,treino,1
993,43,teste,-1
994,44,treino,2
995,950,treino,1
996,951,teste,-1
997,952,treino,2
998,48,treino,1
999,953,treino,2
1000,0,teste,-1
1001,1,treino,1
1002,2,treino,3
1003,3,treino,0
1004,4,treino,1
1005,5,treino,1
1006,6,treino,4
1007,7,teste,-1
1008,8,treino,0
1009,9,treino,0
1010,10,treino,4
1011,941,treino,0
1012,12,treino,3
1013,13,treino,0
1014,14,teste,-1
1015,15,teste,-1
1016,16,treino,3
1017,17,teste,-1
1018,18,treino,3
1019,19,teste,-1
1020,20,treino,2
1021,21,treino,4
1022,22,treino,2
1023,954,treino,1
1024,24,treino,3
1025,25,teste,-1
1026,26,teste,-1
1027,946,treino,1
1028,28,treino,4
1029,29,treino,0
1030,30,treino,1
1031,947,treino,4
1032,32,treino,0
1033,955,treino,1
1034,34,treino,3
1035,35,treino,1
1036,36,treino,4
1037,37,treino,2
1038,38,treino,4
1039,39,treino,4
1040,40,treino,4
1041,41,treino,4
1042,42,treino,1
1043,43,teste,-1
1044,44,treino,2
1045,950,treino,1
1046,951,teste,-1
1047,952,treino,2
1048,48,treino,1
1049,956,treino,1
1050,957,teste,-1
1051,18,treino,3
1052,958,treino,3
1053,959,treino,2
1054,960,treino,2
1055,961,treino,0
1056,962,treino,2
1057,963,treino,4
1058,964,treino,3
1059,965,treino,3
1060,966,treino,4
1061,967,treino,1
1062,968,teste,-1
1063,969,treino,4
1064,970,teste,-1
1065,971,treino,1
1066,972,teste,-1
1067,973,teste,-1
1068,118,treino,2
1069,974,teste,-1
1070,975,treino,4
1071,976,treino,0
1072,977,treino,3
1073,978,treino,2
1074,979,treino,3
1075,980,treino,1
1076,981,treino,1
1077,982,treino,3
1078,128,teste,-1
1079,983,treino,0
1080,984,treino,1
1081,985,treino,0
1082,132,teste,-1
1083,986,treino,0
1084,987,treino,0
1085,988,treino,2
1086,989,treino,1
1087,990,treino,3
1088,991,teste,-1
1089,992,teste,-1
1090,993,treino,3
1091,994,treino,2
1092,995,teste,-1
1093,996,treino,3
1094,997,teste,-1
1095,998,teste,-1
1096,999,teste,-1
1097,1000,treino,1
1098,1001,treino,2
1099,1002,treino,3
1100,1003,treino,0
1101,1004,treino,3
1102,1005,treino,1
1103,1006,treino,2
1104,1007,treino,2
1105,1008,treino,0
1106,1009,treino,1
1107,1010,treino,2
1108,1011,treino,3
1109,1012,teste,-1
1110,1013,treino,0
1111,1014,treino,1
1112,1015,teste,-1
1113,1016,treino,0
1114,1017,treino,4
1115,1018,treino,3
1116,1019,treino,2
1117,1020,treino,4
1118,1021,teste,-1
1119,1022,treino,0
1120,1023,teste,-1
1121,1024,treino,3
1122,1025,treino,2
1123,1026,treino,4
1124,1027,teste,-1
1125,1028,treino,4
1126,1029,treino,0
1127,1030,treino,3
1128,1031,treino,3
1129,1032,treino,2
1130,1033,treino,0
1131,1034,treino,4
1132,1035,treino,4
1133,1036,treino,3
1134,1037,treino,1
1135,1038,treino,4
1136,1039,treino,3
1137,1040,treino,1
1138,1041,treino,4
1139,1042,treino,4
1140,1043,treino,3
1141,1044,treino,3
1142,1045,treino,2
1143,1046,treino,2
1144,1047,teste,-1
1145,1048,treino,1
1146,1049,treino,0
1147,1050,treino,3
1148,1051,treino,0
1149,1052,treino,4
1150,1053,teste,-1
1151,118,treino,2
1152,1054,treino,1
1153,1055,treino,1
1154,1056,treino,0
1155,1057,treino,1
1156,1058,teste,-1
1157,1059,teste,-1
1158,1060,teste,-1
1159,1061,treino,1
1160,1062,teste,-1
1161,1063,treino,1
1162,1064,treino,2
1163,1065,treino,1
1164,1066,treino,2
1165,1067,treino,0
1166,1068,teste,-1
1167,1069,treino,1
1168,217,teste,-1
1169,1070,treino,0
1170,1071,teste,-1
1171,1072,treino,2
1172,1073,teste,-1
1173,1074,treino,3
1174,1075,treino,1
1175,1076,teste,-1
1176,1077,treino,0
1177,1078,treino,3
1178,1079,treino,3
1179,1080,treino,4
1180,1081,treino,1
1181,1082,treino,2
1182,1083,treino,0
1183,1084,treino,4
1184,1085,teste,-1
1185,1086,treino,4
1186,1087,teste,-1
1187,1088,treino,2
1188,1089,treino,0
1189,1090,treino,0
1190,1091,treino,0
1191,1092,treino,3
1192,1093,teste,-1
1193,1094,treino,3
1194,1095,teste,-1
1195,1096,treino,3
1196,1097,treino,3
1197,1098,treino,3
1198,1099,treino,0
1199,1100,treino,0
1200,1101,treino,3
1201,1102,treino,2
1202,1103,treino,3
1203,1104,treino,2
1204,1105,teste,-1
1205,1106,treino,3
1206,1107,treino,3
1207,1108,treino,4
1208,1109,teste,-1
1209,1110,treino,0
1210,1111,treino,2
1211,1112,treino,2
1212,1113,teste,-1
1213,1114,treino,4
1214,1115,treino,1
1215,1116,treino,3
1216,1117,treino,1
1217,1118,treino,2
1218,1119,treino,2
1219,1120,teste,-1
1220,1121,treino,1
1221,1122,treino,0
1222,1123,teste,-1
1223,1124,treino,2
1224,1125,treino,3
1225,1126,treino,0
1226,1127,treino,3
1227,1128,treino,1
1228,1129,treino,3
1229,1130,treino,0
1230,1131,treino,0
1231,1132,treino,1
1232,1133,treino,4
1233,1134,treino,3
1234,1135,teste,-1
1235,1136,teste,-1
1236,1137,treino,4
1237,1138,teste,-1
1238,1139,treino,2
1239,1140,teste,-1
1240,1141,treino,3
1241,1142,teste,-1
1242,1143,teste,-1
1243,1144,treino,3
1244,1145,treino,3
1245,1146,treino,2
1246,1147,treino,0
1247,1148,treino,1
1248,1149,teste,-1
1249,1150,treino,4
1250,1151,treino,3
1251,217,teste,-1
1252,1152,teste,-1
1253,1153,treino,3
1254,1154,treino,3
1255,1155,treino,0
1256,1156,teste,-1
1257,1157,treino,2
1258,1158,treino,1
1259,1159,treino,1
1260,1160,teste,-1
1261,1161,teste,-1
1262,1162,treino,0
1263,1163,teste,-1
1264,1164,treino,0
1265,1165,treino,1
1266,1166,treino,3
1267,1167,treino,4
1268,316,treino,4
1269,1168,treino,4
1270,1169,treino,3
1271,1170,teste,-1
1272,1171,treino,4
1273,1172,treino,0
1274,1173,treino,2
1275,1174,treino,3
1276,1175,treino,3
1277,1176,treino,0
1278,1177,treino,0
1279,1178,treino,4
1280,1179,treino,1
1281,329,treino,4
1282,1180,treino,1
1283,1181,treino,0
1284,1182,treino,2
1285,1183,treino,1
1286,1184,teste,-1
1287,1185,teste,-1
1288,1186,treino,3
1289,1187,treino,3
1290,1188,treino,4
1291,1189,treino,0
1292,1190,treino,0
1293,1191,treino,1
1294,1192,treino,2
1295,1193,treino,4
1296,1194,treino,0
1297,1195,treino,3
1298,1196,treino,0
1299,1197,treino,2
1300,1198,teste,-1
1301,1199,treino,1
1302,1200,treino,2
1303,1201,treino,0
1304,1202,treino,1
1305,1203,treino,3
1306,1204,treino,3
1307,1205,treino,0
1308,1206,treino,2
1309,1207,teste,-1
1310,1208,treino,3
1311,1209,treino,2
1312,1210,treino,0
1313,1211,treino,1
1314,1212,teste,-1
1315,1213,treino,0
1316,1214,teste,-1
1317,1215,treino,2
1318,1216,treino,1
1319,1217,treino,2
1320,1218,treino,3
1321,1219,treino,1
1322,1220,teste,-1
1323,1221,treino,0
1324,1222,teste,-1
1325,1223,treino,1
1326,1224,teste,-1
1327,1225,treino,1
1328,1226,treino,0
1329,1227,treino,1
1330,1228,treino,2
1331,1229,treino,0
1332,1230,treino,2
1333,1231,treino,1
1334,1232,treino,4
1335,1233,treino,1
1336,1234,teste,-1
1337,1235,treino,4
1338,1236,treino,3
1339,1237,treino,0
1340,1238,treino,4
1341,1239,teste,-1
1342,1240,teste,-1
1343,1241,treino,0
1344,1242,teste,-1
1345,1243,treino,3
1346,1244,treino,2
1347,1245,treino,0
1348,1246,treino,4
1349,1247,treino,4
1350,1248,treino,0
1351,316,treino,4
1352,1249,treino,3
1353,1250,treino,4
1354,1251,treino,3
1355,1252,teste,-1
1356,1253,treino,3
1357,1254,treino,1
1358,1255,teste,-1
1359,1256,treino,0
1360,1257,treino,3
1361,1258,treino,3
1362,1259,treino,1
1363,1260,treino,2
1364,1261,teste,-1
1365,1262,treino,3
1366,1263,treino,4
1367,1177,treino,0
1368,1263,treino,4
1369,1264,treino,4
1370,1265,treino,2
1371,1266,treino,4
1372,1267,treino,1
1373,1268,treino,4
1374,1269,treino,2
1375,1270,treino,2
1376,1271,treino,0
1377,1272,treino,0
1378,1273,treino,3
1379,1274,treino,2
1380,1275,teste,-1
1381,1276,treino,1
1382,1277,treino,3
1383,1278,treino,2
1384,1279,treino,0
1385,1280,treino,1
1386,1281,treino,3
1387,1282,treino,2
1388,1283,treino,1
1389,1284,treino,0
1390,1285,treino,4
1391,1286,treino,0
1392,1287,treino,3
1393,1288,treino,3
1394,1289,teste,-1
1395,1290,treino,2
1396,1291,teste,-1
1397,1292,treino,2
1398,1293,treino,1
1399,1294,treino,3
1400,1295,teste,-1
1401,1296,treino,3
1402,1297,treino,1
1403,1298,treino,0
1404,1299,treino,0
1405,1300,treino,0
1406,1301,treino,0
1407,1302,treino,1
1408,1303,treino,1
1409,1304,treino,1
1410,1305,treino,4
1411,1306,treino,0
1412,1307,treino,4
1413,1308,treino,1
1414,1309,treino,2
1415,1310,treino,1
1416,1311,treino,2
1417,1312,treino,0
1418,1313,treino,2
1419,1314,teste,-1
1420,1315,treino,2
1421,1316,treino,3
1422,1317,treino,0
1423,1318,teste,-1
1424,1319,treino,1
1425,1320,treino,3
1426,1321,treino,3
1427,1322,treino,3
1428,1323,treino,1
1429,1324,treino,3
1430,1325,treino,2
1431,1326,teste,-1
1432,1327,treino,1
1433,1328,treino,3
1434,1329,treino,1
1435,1330,treino,0
1436,1331,treino,3
1437,1332,treino,4
1438,1333,teste,-1
1439,1334,treino,0
1440,1335,teste,-1
1441,1336,treino,4
1442,1337,treino,2
1443,1338,treino,3
1444,1339,treino,0
1445,1340,treino,2
1446,1341,treino,4
1447,1342,treino,2
1448,1343,treino,0
1449,1344,treino,4
1450,1345,treino,2
1451,1346,treino,0
1452,1347,teste,-1
1453,1348,treino,4
1454,1349,treino,1
1455,1350,treino,0
1456,1351,treino,0
1457,1352,treino,2
1458,1353,treino,0
1459,1354,treino,2
1460,1355,treino,1
1461,1356,treino,0
1462,1357,treino,2
1463,1358,treino,4
1464,1359,treino,1
1465,1360,treino,3
1466,762,treino,4
1467,217,teste,-1
1468,762,treino,4
1469,1361,treino,2
1470,1362,treino,2
1471,1363,treino,2
1472,1364,treino,1
1473,1365,treino,1
1474,1366,treino,0
1475,1367,treino,2
1476,1368,teste,-1
1477,1369,treino,1
1478,1370,treino,0
1479,1371,treino,3
1480,1372,treino,2
1481,1373,treino,2
1482,1374,treino,3
1483,1375,treino,0
1484,1376,treino,2
1485,1377,treino,2
1486,1378,treino,3
1487,1379,teste,-1
1488,1380,teste,-1
1489,1381,treino,4
1490,1382,treino,3
1491,1383,treino,3
1492,1384,treino,1
1493,1385,treino,2
1494,1386,treino,0
1495,1387,treino,3
1496,1388,treino,4
1497,1389,treino,2
1498,1390,treino,2
1499,1391,treino,2
1500,1392,treino,4
1501,1393,teste,-1
1502,1394,treino,0
1503,1395,treino,3
1504,1396,teste,-1
1505,1397,teste,-1
1506,1398,treino,4
1507,1399,treino,4
1508,1400,teste,-1
1509,1401,treino,1
1510,1402,teste,-1
1511,1403,treino,2
1512,1404,teste,-1
1513,1405,treino,0
1514,1406,treino,4
1515,1407,treino,2
1516,1408,treino,2
1517,1409,teste,-1
1518,1410,treino,3
1519,1411,treino,4
1520,1412,treino,0
1521,1413,treino,3
1522,1414,teste,-1
1523,1415,treino,1
1524,1416,teste,-1
1525,1417,treino,4
1526,1418,treino,2
1527,1419,treino,2
1528,1420,treino,0
1529,1421,treino,2
1530,1422,treino,2
1531,1423,treino,3
1532,1424,treino,3
1533,1425,treino,1
1534,1426,treino,3
1535,1427,treino,4
1536,1428,teste,-1
1537,1429,treino,3
1538,1430,treino,0
1539,1431,treino,2
1540,1432,treino,2
1541,1433,teste,-1
1542,1434,treino,1
1543,1435,treino,1
1544,1436,teste,-1
1545,1437,treino,4
1546,1438,treino,2
1547,1439,treino,3
1548,1440,treino,4
1549,1441,treino,2
1550,1442,teste,-1
1551,18,treino,3
1552,1443,treino,0
1553,1444,teste,-1
1554,1445,teste,-1
1555,1446,treino,0
1556,1447,teste,-1
1557,1448,treino,1
1558,1449,teste,-1
1559,1450,teste,-1
1560,1451,teste,-1
1561,1452,treino,0
1562,1453,treino,3
1563,1454,teste,-1
1564,1455,teste,-1
1565,1456,treino,1
1566,118,treino,2
1567,399,treino,2
1568,118,treino,2
1569,1457,treino,1
1570,1458,treino,4
1571,1459,treino,1
1572,1460,treino,4
1573,1461,teste,-1
1574,1462,treino,2
1575,1463,teste,-1
1576,1464,teste,-1
1577,1465,treino,1
1578,1346,treino,0
1579,1466,treino,2
1580,1467,treino,0
1581,1468,treino,2
1582,1469,treino,0
1583,1470,treino,1
1584,1471,treino,2
1585,1472,treino,1
1586,1473,teste,-1
1587,1474,treino,3
1588,1475,treino,2
1589,1476,teste,-1
1590,1477,treino,3
1591,1478,treino,3
1592,1479,teste,-1
1593,1480,treino,3
1594,1481,treino,3
1595,1482,treino,2
1596,1483,treino,4
1597,1484,teste,-1
1598,1485,treino,1
1599,1486,treino,0
1600,1487,teste,-1
1601,1488,teste,-1
1602,1489,treino,0
1603,1490,treino,3
1604,1491,treino,1
1605,1492,treino,3
1606,1493,treino,0
1607,1494,treino,3
1608,1495,treino,2
1609,1496,treino,4
1610,1497,treino,4
1611,1498,treino,3
1612,1499,treino,2
1613,1500,teste,-1
1614,1501,treino,3
1615,1502,treino,3
1616,1503,treino,3
1617,1504,treino,1
1618,1505,teste,-1
1619,1506,treino,4
1620,1507,treino,0
1621,1508,treino,0
1622,1509,treino,0
1623,1510,treino,0
1624,1511,teste,-1
1625,1512,treino,0
1626,1513,teste,-1
1627,1514,treino,0
1628,1515,treino,4
1629,1516,treino,3
1630,1517,treino,2
1631,1518,treino,3
1632,1519,teste,-1
1633,1520,treino,2
1634,1521,treino,2
1635,1522,teste,-1
1636,1523,treino,2
1637,1524,treino,3
1638,1525,treino,3
1639,1526,treino,0
1640,1527,treino,1
1641,1528,treino,2
1642,1529,teste,-1
1643,1530,treino,3
1644,1531,treino,4
1645,1532,treino,3
1646,1533,treino,0
1647,1534,treino,0
1648,1535,treino,0
1649,1536,teste,-1
1650,1537,treino,3
1651,399,treino,2
1652,1538,teste,-1
1653,1539,teste,-1
1654,1540,treino,3
1655,1541,treino,1
1656,1542,teste,-1
1657,1543,treino,4
1658,1544,treino,1
1659,1545,treino,4
1660,1546,treino,2
1661,1547,treino,4
1662,1548,treino,0
1663,1549,treino,4
1664,1550,treino,4
1665,1551,treino,1
1666,1552,treino,4
1667,1553,teste,-1
1668,1346,treino,0
1669,1554,treino,0
1670,1555,treino,2
1671,1556,treino,1
1672,1557,treino,2
1673,1558,treino,4
1674,1559,treino,3
1675,1560,treino,0
1676,1561,teste,-1
1677,1562,treino,2
1678,217,teste,-1
1679,1563,teste,-1
1680,1564,treino,1
1681,426,treino,3
1682,1565,treino,3
1683,1566,teste,-1
1684,1567,treino,0
1685,1568,treino,0
1686,1569,treino,2
1687,1570,treino,1
1688,1571,treino,3
1689,1572,treino,0
1690,1573,treino,2
1691,1574,teste,-1
1692,1575,treino,1
1693,1576,treino,0
1694,1577,treino,0
1695,1578,treino,0
1696,1579,treino,3
1697,1580,treino,0
1698,1581,treino,4
1699,1582,treino,1
1700,1583,treino,4
1701,1584,treino,2
1702,1585,treino,1
1703,1586,teste,-1
1704,1587,treino,4
1705,1588,treino,2
1706,1589,treino,1
1707,1590,treino,1
1708,1591,teste,-1
1709,1592,treino,0
1710,1593,treino,4
1711,1594,treino,1
1712,1595,teste,-1
1713,1596,teste,-1
1714,1597,treino,3
1715,1598,treino,0
1716,1599,treino,1
1717,1600,treino,2
1718,1601,teste,-1
1719,1602,teste,-1
1720,1603,teste,-1
1721,1604,treino,4
1722,1605,treino,4
1723,1606,treino,0
1724,1607,treino,1
1725,1608,treino,0
1726,1609,treino,3
1727,1610,treino,4
1728,1611,treino,3
1729,1612,treino,1
1730,1613,treino,0
1731,1614,treino,1
1732,1615,treino,4
1733,1616,treino,1
1734,1617,treino,1
1735,1618,treino,1
1736,1619,teste,-1
1737,1620,teste,-1
1738,1621,treino,0
1739,1622,treino,2
1740,1623,treino,3
1741,1624,treino,1
1742,1625,treino,4
1743,1626,teste,-1
1744,1627,treino,0
1745,1628,teste,-1
1746,1629,teste,-1
1747,1630,treino,2
1748,1631,treino,2
1749,1632,treino,4
1750,1633,treino,3
1751,18,treino,3
1752,1634,treino,0
1753,1635,treino,3
1754,1636,treino,0
1755,1637,treino,4
1756,1638,treino,2
1757,1639,treino,3
1758,1640,treino,4
1759,1641,treino,0
1760,1642,teste,-1
1761,1643,teste,-1
1762,1644,treino,2
1763,1645,treino,0
1764,1646,treino,2
1765,1647,treino,2
1766,1648,treino,2
1767,1649,treino,4
1768,118,treino,2
1769,1650,treino,2
1770,1651,teste,-1
1771,1652,treino,3
1772,1653,treino,2
1773,1654,teste,-1
1774,1655,treino,2
1775,1656,treino,1
1776,1657,treino,2
1777,1658,teste,-1
1778,1659,treino,4
1779,1660,teste,-1
1780,1661,teste,-1
1781,1662,treino,2
1782,132,teste,-1
1783,1663,treino,4
1784,1664,treino,1
1785,1665,treino,1
1786,1666,treino,3
1787,1667,teste,-1
1788,1668,treino,3
1789,1669,treino,2
1790,1670,teste,-1
1791,1671,treino,2
1792,1672,treino,3
1793,1673,teste,-1
1794,1674,teste,-1
1795,1675,treino,4
1796,1676,treino,1
1797,1677,treino,1
1798,1678,treino,4
1799,1679,treino,1
1800,1680,treino,2
1801,762,treino,4
1802,1681,treino,3
1803,1682,treino,1
1804,1683,treino,1
1805,1684,treino,2
1806,1685,treino,4
1807,1686,treino,0
1808,1687,teste,-1
1809,1688,treino,1
1810,1689,treino,3
1811,1690,treino,0
1812,1691,treino,3
1813,1692,teste,-1
1814,1693,teste,-1
1815,1694,treino,3
1816,1695,treino,0
1817,1696,treino,1
1818,1177,treino,0
1819,1697,treino,0
1820,1698,treino,4
1821,1699,treino,1
1822,1700,treino,3
1823,1701,treino,4
1824,1702,treino,2
1825,1703,treino,3
1826,1704,treino,1
1827,1705,teste,-1
1828,1263,treino,4
1829,1706,teste,-1
1830,1707,treino,2
1831,1708,treino,2
1832,1709,teste,-1
1833,1710,treino,4
1834,1711,treino,4
1835,1712,teste,-1
1836,1713,treino,0
1837,1714,treino,1
1838,1715,teste,-1
1839,1716,teste,-1
1840,1717,treino,2
1841,1718,treino,4
1842,1719,treino,0
1843,1720,teste,-1
1844,1721,treino,2
1845,1722,treino,2
1846,1723,treino,2
1847,1724,treino,1
1848,1725,treino,1
1849,1726,treino,0
1850,1727,treino,1
1851,1728,teste,-1
1852,1729,teste,-1
1853,1730,treino,4
1854,1731,treino,2
1855,1732,teste,-1
1856,1733,teste,-1
1857,1734,treino,0
1858,1735,treino,4
1859,1736,treino,2
1860,1737,teste,-1
1861,1738,treino,2
1862,1739,treino,1
1863,1740,treino,2
1864,1741,treino,4
1865,1742,treino,2
1866,1743,treino,0
1867,1744,teste,-1
1868,1745,treino,4
1869,1746,treino,2
1870,1747,treino,1
1871,1748,treino,1
1872,1749,teste,-1
1873,1750,teste,-1
1874,1751,treino,2
1875,1752,treino,1
1876,1753,treino,3
1877,1754,treino,0
1878,1755,treino,3
1879,1756,treino,4
1880,1757,teste,-1
1881,1758,treino,2
1882,1759,treino,1
1883,1760,treino,2
1884,1761,teste,-1
1885,1762,treino,4
1886,1763,teste,-1
1887,1764,teste,-1
1888,1765,treino,1
1889,1766,treino,2
1890,1767,treino,3
1891,1768,treino,0
1892,1769,treino,3
1893,1770,treino,3
1894,1771,treino,1
1895,1772,treino,2
1896,1773,treino,1
1897,1774,treino,1
1898,1775,treino,2
1899,1776,treino,3
1900,1777,treino,3
1901,1778,treino,4
1902,1779,treino,2
1903,1780,treino,3
1904,1781,treino,0
1905,1782,treino,3
1906,1783,treino,2
1907,1784,treino,4
1908,1785,treino,0
1909,1786,treino,0
1910,1787,treino,2
1911,1788,teste,-1
1912,1789,teste,-1
1913,1790,treino,3
1914,1791,treino,4
1915,1792,treino,4
1916,1793,teste,-1
1917,1794,treino,4
1918,1795,treino,1
1919,1796,treino,1
1920,1797,treino,1
1921,1798,treino,0
1922,1799,teste,-1
1923,1800,treino,1
1924,1801,treino,1
1925,1802,teste,-1
1926,1803,treino,1
1927,1804,teste,-1
1928,1805,treino,3
1929,1806,treino,1
1930,1807,treino,3
1931,1808,treino,1
1932,1809,treino,0
1933,1810,treino,3
1934,1811,treino,4
1935,1812,teste,-1
1936,1813,teste,-1
1937,1814,treino,0
1938,1815,treino,1
1939,1816,teste,-1
1940,1817,treino,1
1941,1818,treino,4
1942,1819,treino,2
1943,1820,teste,-1
1944,1821,treino,1
1945,1822,treino,2
1946,1823,treino,1
1947,1824,treino,2
1948,1825,teste,-1
1949,1826,treino,4
1950,1827,treino,1
1951,399,treino,2
1952,1828,treino,1
1953,1829,treino,3
1954,1830,teste,-1
1955,1831,treino,1
1956,1832,treino,3
1957,1833,treino,4
1958,1834,teste,-1
1959,1835,treino,2
1960,1836,treino,0
1961,1837,treino,0
1962,1838,treino,4
1963,1839,teste,-1
1964,1840,treino,2
1965,1841,treino,1
1966,1346,treino,0
1967,118,treino,2
1968,1346,treino,0
1969,1842,treino,3
1970,1843,treino,0
1971,1844,treino,4
1972,1845,treino,4
1973,1846,treino,4
1974,1847,treino,0
1975,1848,teste,-1
1976,1849,treino,4
1977,1850,treino,0
1978,1851,treino,3
1979,1852,teste,-1
1980,1853,treino,4
1981,426,treino,3
1982,1565,treino,3
1983,1854,teste,-1
1984,1855,treino,4
1985,1856,treino,3
1986,1857,treino,4
1987,1858,treino,1
1988,1859,treino,1
1989,1860,treino,0
1990,1861,teste,-1
1991,1574,teste,-1
1992,1862,treino,0
1993,1863,treino,1
1994,1864,treino,3
1995,1865,treino,4
1996,1866,treino,0
1997,1867,treino,2
1998,1868,teste,-1
1999,1869,treino,2
2000,957,teste,-1
2001,18,treino,3
2002,958,treino,3
2003,959,treino,2
2004,960,treino,2
2005,961,treino,0
2006,962,treino,2
2007,963,treino,4
2008,964,treino,3
2009,965,treino,3
2010,966,treino,4
2011,967,treino,1
2012,968,teste,-1
2013,969,treino,4
2014,970,teste,-1
2015,971,treino,1
2016,972,teste,-1
2017,973,teste,-1
2018,1870,treino,1
2019,974,teste,-1
2020,975,treino,4
2021,976,treino,0
2022,977,treino,3
2023,978,treino,2
2024,1871,treino,3
2025,980,treino,1
2026,981,treino,1
2027,1872,treino,2
2028,1659,treino,4
2029,983,treino,0
2030,984,treino,1
2031,1873,treino,4
2032,132,teste,-1
2033,986,treino,0
2034,987,treino,0
2035,988,treino,2
2036,989,treino,1
2037,990,treino,3
2038,1874,treino,4
2039,992,teste,-1
2040,993,treino,3
2041,994,treino,2
2042,995,teste,-1
2043,996,treino,3
2044,997,teste,-1
2045,1875,treino,0
2046,1876,teste,-1
2047,1877,treino,4
2048,1001,treino,2
2049,1878,treino,1
2050,957,teste,-1
2051,18,treino,3
2052,958,treino,3
2053,959,treino,2
2054,960,treino,2
2055,961,treino,0
2056,962,treino,2
2057,963,treino,4
2058,964,treino,3
2059,965,treino,3
2060,966,treino,4
2061,967,treino,1
2062,968,teste,-1
2063,969,treino,4
2064,970,teste,-1
2065,971,treino,1
2066,972,teste,-1
2067,973,teste,-1
2068,118,treino,2
2069,974,teste,-1
2070,975,treino,4
2071,976,treino,0
2072,1879,treino,0
2073,978,treino,2
2074,1871,treino,3
2075,980,treino,1
2076,1880,treino,0
2077,982,treino,3
2078,128,teste,-1
2079,983,treino,0
2080,984,treino,1
2081,985,treino,0
2082,132,teste,-1
2083,986,treino,0
2084,987,treino,0
2085,988,treino,2
2086,989,treino,1
2087,990,treino,3
2088,1874,treino,4
2089,992,teste,-1
2090,993,treino,3
2091,994,treino,2
2092,995,teste,-1
2093,996,treino,3
2094,997,teste,-1
2095,1875,treino,0
2096,1876,teste,-1
2097,1877,treino,4
2098,1001,treino,2
2099,1878,treino,1
2100,1881,treino,2
2101,1882,teste,-1
2102,1883,treino,0
2103,1884,treino,3
2104,1885,teste,-1
2105,1886,treino,1
2106,1887,treino,4
2107,1888,treino,2
2108,1889,treino,0
2109,1890,treino,2
2110,1891,treino,4
2111,1892,treino,0
2112,1893,treino,0
2113,1894,treino,3
2114,1895,treino,4
2115,1896,treino,4
2116,1897,treino,3
2117,1898,treino,3
2118,1899,treino,0
2119,1900,treino,3
2120,1901,teste,-1
2121,1902,treino,3
2122,1903,treino,4
2123,1904,treino,4
2124,1905,treino,0
2125,1906,treino,0
2126,1907,teste,-1
2127,1908,teste,-1
2128,1909,treino,1
2129,1910,treino,4
2130,1911,treino,1
2131,1912,teste,-1
2132,1913,treino,1
2133,1914,treino,1
2134,1915,treino,3
2135,1916,treino,0
2136,1917,treino,3
2137,1918,treino,2
2138,1919,treino,1
2139,1920,treino,0
2140,1921,treino,2
2141,1922,treino,4
2142,1923,treino,4
2143,1924,treino,3
2144,1925,treino,2
2145,1926,treino,1
2146,1927,teste,-1
2147,1928,treino,1
2148,1929,treino,1
2149,1930,teste,-1
2150,1931,treino,3
2151,1932,treino,0
2152,1933,teste,-1
2153,1934,treino,4
2154,1935,teste,-1
2155,1936,treino,0
2156,1937,teste,-1
2157,1938,teste,-1
2158,1939,treino,1
2159,1940,treino,4
2160,1941,treino,3
2161,1942,treino,4
2162,1943,treino,1
2163,1944,teste,-1
2164,1945,treino,1
2165,1946,treino,3
2166,1947,treino,2
2167,1948,teste,-1
2168,1949,treino,3
2169,1950,treino,0
2170,1951,teste,-1
2171,1952,treino,1
2172,1953,treino,2
2173,1954,treino,2
2174,1955,treino,2
2175,1956,treino,1
2176,1957,teste,-1
2177,1958,treino,2
2178,1959,treino,2
2179,1960,treino,3
2180,1961,treino,4
2181,1962,treino,4
2182,1963,treino,0
2183,1964,treino,1
2184,1965,treino,1
2185,1966,teste,-1
2186,1967,treino,2
2187,1968,treino,3
2188,1969,treino,4
2189,1970,treino,0
2190,1971,teste,-1
2191,1972,treino,1
2192,1973,treino,2
2193,1974,treino,4
2194,1975,treino,0
2195,1976,teste,-1
2196,1977,treino,0
2197,1978,teste,-1
2198,1979,treino,2
2199,1980,treino,3
2200,1981,treino,1
2201,1982,treino,2
2202,1983,teste,-1
2203,1984,treino,0
2204,1985,treino,0
2205,1986,teste,-1
2206,1987,treino,3
2207,1988,treino,0
2208,1989,treino,2
2209,1990,teste,-1
2210,1991,treino,4
2211,1992,treino,4
2212,1993,treino,0
2213,1994,treino,4
2214,1995,treino,4
2215,1996,treino,1
2216,1997,teste,-1
2217,1998,treino,3
2218,1999,treino,1
2219,2000,treino,1
2220,2001,treino,1
2221,2002,treino,0
2222,2003,teste,-1
2223,2004,treino,2
2224,2005,treino,0
2225,2006,treino,3
2226,2007,treino,4
2227,2008,teste,-1
2228,2009,treino,1
2229,2010,treino,3
2230,2011,treino,2
2231,2012,treino,0
2232,2013,treino,1
2233,2014,treino,2
2234,2015,treino,0
2235,2016,treino,0
2236,2017,treino,4
2237,2018,teste,-1
2238,2019,treino,2
2239,2020,treino,4
2240,2021,treino,2
2241,2022,treino,2
2242,2023,treino,3
2243,2024,teste,-1
2244,2025,treino,2
2245,2026,treino,3
2246,2027,treino,4
2247,2028,teste,-1
2248,2029,treino,3
2249,2030,treino,0
2250,2031,treino,3
2251,2032,treino,4
2252,2033,treino,3
2253,2034,treino,0
2254,2035,treino,4
2255,2036,treino,0
2256,2037,treino,0
2257,2038,treino,0
2258,2039,teste,-1
2259,2040,treino,0
2260,2041,treino,2
2261,2042,treino,1
2262,2043,treino,1
2263,2044,treino,3
2264,2045,treino,4
2265,2046,treino,4
2266,2047,treino,2
2267,2048,treino,0
2268,2049,treino,2
2269,2050,treino,1
2270,2051,teste,-1
2271,2052,treino,0
2272,2053,treino,4
2273,2054,treino,2
2274,2055,treino,4
2275,2056,treino,3
2276,2057,treino,4
2277,2058,treino,1
2278,2059,treino,0
2279,2060,treino,4
2280,2061,treino,1
2281,2062,treino,0
2282,2063,treino,1
2283,2064,treino,2
2284,2065,treino,1
2285,2066,treino,4
2286,2067,treino,3
2287,2068,treino,1
2288,2069,teste,-1
2289,2070,treino,3
2290,2071,treino,3
2291,2072,teste,-1
2292,2073,teste,-1
2293,2074,treino,0
2294,2075,treino,0
2295,2076,treino,0
2296,2077,treino,2
2297,2078,treino,4
2298,2079,treino,2
2299,2080,teste,-1
2300,2081,treino,0
2301,2082,treino,4
2302,2083,treino,0
2303,2084,teste,-1
2304,2085,treino,1
2305,2086,treino,4
2306,2087,treino,1
2307,2088,treino,1
2308,2089,treino,1
2309,2090,treino,1
2310,2091,treino,2
2311,2092,treino,0
2312,2093,treino,0
2313,2094,teste,-1
2314,2095,treino,3
2315,2096,teste,-1
2316,2097,treino,4
2317,2098,treino,0
2318,2099,treino,2
2319,2100,treino,2
2320,2101,treino,4
2321,2102,treino,4
2322,2103,treino,2
2323,2104,treino,2
2324,2105,treino,4
2325,2106,treino,2
2326,2107,treino,4
2327,2108,treino,1
2328,2109,teste,-1
2329,2110,teste,-1
2330,2111,treino,2
2331,2112,treino,2
2332,2113,treino,0
2333,2114,treino,3
2334,2115,treino,4
2335,2116,treino,2
2336,2117,treino,1
2337,2118,teste,-1
2338,2119,treino,3
2339,2120,treino,4
2340,2121,treino,4
2341,2122,treino,1
2342,2123,treino,1
2343,2124,treino,2
2344,2125,treino,4
2345,2126,treino,2
2346,2127,teste,-1
2347,2128,treino,3
2348,2129,treino,3
2349,2130,treino,4
2350,2131,treino,4
2351,2132,treino,1
2352,2133,treino,0
2353,2134,treino,3
2354,2135,teste,-1
2355,2136,treino,2
2356,2137,treino,1
2357,2138,treino,0
2358,2139,treino,1
2359,2140,treino,2
2360,2141,teste,-1
2361,2142,treino,4
2362,2143,treino,0
2363,2144,treino,3
2364,2145,treino,1
2365,2146,treino,2
2366,2147,teste,-1
2367,2148,teste,-1
2368,2149,teste,-1
2369,2150,teste,-1
2370,2151,treino,2
2371,2152,treino,4
2372,2153,treino,0
2373,2154,treino,3
2374,2155,treino,4
2375,2156,treino,3
2376,2157,teste,-1
2377,2158,teste,-1
2378,2159,treino,4
2379,2160,treino,2
2380,2161,treino,3
2381,2162,treino,1
2382,2163,treino,3
2383,2164,treino,2
2384,2165,treino,3
2385,2166,treino,1
2386,2167,teste,-1
2387,2168,treino,2
2388,2169,treino,1
2389,2170,teste,-1
2390,2171,treino,3
2391,2172,treino,4
2392,2173,treino,4
2393,2174,treino,0
2394,2175,teste,-1
2395,2176,treino,1
2396,2177,treino,4
2397,2178,treino,4
2398,2179,treino,2
2399,2180,treino,4
2400,2181,treino,0
2401,2099,treino,2
2402,2182,teste,-1
2403,2183,treino,3
2404,2184,treino,3
2405,2185,teste,-1
2406,2186,treino,3
2407,2187,treino,0
2408,2188,treino,2
2409,2189,treino,3
2410,2190,treino,3
2411,2191,treino,4
2412,2192,teste,-1
2413,2193,treino,3
2414,2194,treino,3
2415,2195,treino,4
2416,2196,treino,0
2417,2197,treino,0
2418,2198,treino,2
2419,2199,treino,1
2420,2200,teste,-1
2421,2201,treino,0
2422,2202,treino,1
2423,2203,treino,4
2424,2204,treino,3
2425,2205,teste,-1
2426,2206,treino,0
2427,2207,treino,4
2428,2208,teste,-1
2429,2209,treino,1
2430,2210,treino,4
2431,2211,treino,4
2432,2212,treino,1
2433,2213,teste,-1
2434,2214,treino,4
2435,2215,treino,3
2436,2216,treino,2
2437,2217,treino,4
2438,2218,treino,1
2439,2219,treino,0
2440,2220,treino,4
2441,2221,teste,-1
2442,2222,treino,4
2443,2223,treino,2
2444,2224,treino,0
2445,2225,teste,-1
2446,2226,treino,0
2447,2227,treino,4
2448,2228,treino,4
2449,2229,treino,1
2450,2230,treino,1
2451,2231,treino,3
2452,2232,treino,4
2453,2233,treino,0
2454,2234,treino,3
2455,2235,treino,1
2456,2236,treino,3
2457,2237,treino,1
2458,2238,treino,0
2459,2239,treino,0
2460,2240,treino,2
2461,2241,teste,-1
2462,2242,treino,3
2463,2243,treino,1
2464,2244,treino,2
2465,2245,teste,-1
2466,2246,teste,-1
2467,2247,treino,3
2468,2248,treino,0
2469,2249,treino,4
2470,2250,teste,-1
2471,2251,treino,4
2472,2252,treino,4
2473,2253,treino,3
2474,2254,treino,1
2475,2255,treino,4
2476,2256,teste,-1
2477,2257,treino,0
2478,2258,treino,3
2479,2259,treino,4
2480,2260,treino,2
2481,2261,treino,2
2482,2262,teste,-1
2483,2263,treino,0
2484,2264,treino,0
2485,2265,treino,1
2486,2266,treino,3
2487,2267,teste,-1
2488,2268,teste,-1
2489,2269,treino,2
2490,2270,treino,0
2491,2271,treino,4
2492,2272,teste,-1
2493,2273,treino,2
2494,2274,treino,0
2495,2275,treino,2
2496,2276,treino,3
2497,2277,treino,4
2498,2278,treino,2
2499,2279,treino,1
2500,2280,treino,0
2501,2281,treino,1
2502,2282,treino,3
2503,2283,treino,1
2504,2284,teste,-1
2505,2285,treino,4
2506,2286,teste,-1
2507,2287,treino,0
2508,2288,treino,4
2509,2289,treino,3
2510,2290,treino,2
2511,2291,treino,2
2512,2292,treino,3
2513,2293,teste,-1
2514,2294,treino,2
2515,2295,teste,-1
2516,2296,treino,3
2517,2297,treino,1
2518,2298,treino,3
2519,2299,teste,-1
2520,2300,treino,3
2521,2301,treino,4
2522,2302,treino,4
2523,2303,treino,1
2524,2304,treino,4
2525,2305,teste,-1
2526,2306,treino,4
2527,2307,teste,-1
2528,2308,teste,-1
2529,2309,treino,4
2530,2310,teste,-1
2531,2311,treino,0
2532,2312,treino,3
2533,2313,treino,3
2534,2314,treino,2
2535,2315,treino,0
2536,2316,treino,1
2537,2317,treino,4
2538,2318,teste,-1
2539,2319,treino,4
2540,2320,teste,-1
2541,2321,treino,1
2542,2322,treino,0
2543,2323,teste,-1
2544,2324,treino,3
2545,2325,teste,-1
2546,2326,teste,-1
2547,2327,treino,0
2548,2328,treino,2
2549,2329,treino,0
2550,2330,treino,3
2551,2331,treino,1
2552,2332,treino,4
2553,2333,treino,3
2554,2334,treino,3
2555,2335,teste,-1
2556,2336,treino,3
2557,2337,teste,-1
2558,2338,treino,1
2559,2339,treino,0
2560,2340,treino,4
2561,2341,treino,3
2562,2342,treino,3
2563,2343,treino,2
2564,2344,treino,1
2565,2345,treino,4
2566,2346,treino,0
2567,2347,treino,3
2568,2348,treino,1
2569,2349,treino,0
2570,2350,treino,2
2571,2351,treino,1
2572,2352,treino,3
2573,2353,treino,4
2574,2354,treino,1
2575,2355,treino,0
2576,2356,treino,0
2577,2357,treino,3
2578,2358,treino,2
2579,2359,treino,2
2580,2360,teste,-1
2581,2361,treino,0
2582,2362,treino,2
2583,2363,treino,4
2584,2364,treino,1
2585,2365,treino,4
2586,2366,teste,-1
2587,2367,treino,0
2588,2368,treino,1
2589,2369,teste,-1
2590,2370,teste,-1
2591,2371,treino,3
2592,2372,treino,2
2593,2373,treino,3
2594,2374,treino,3
2595,2375,treino,3
2596,2376,treino,0
2597,2377,treino,0
2598,2378,teste,-1
2599,2379,teste,-1
2600,2380,treino,4
2601,2381,treino,3
2602,2382,treino,1
2603,2383,treino,3
2604,2384,treino,4
2605,2385,treino,2
2606,2386,treino,4
2607,2387,treino,3
2608,2388,teste,-1
2609,2389,treino,1
2610,2390,treino,1
2611,2391,treino,2
2612,2392,treino,3
2613,2393,treino,1
2614,2394,treino,2
2615,2395,treino,2
2616,2396,teste,-1
2617,2397,treino,2
2618,1899,treino,0
2619,2398,treino,2
2620,2399,teste,-1
2621,2400,teste,-1
2622,2401,treino,0
2623,2402,treino,3
2624,2403,treino,4
2625,2404,treino,0
2626,2405,teste,-1
2627,2406,treino,2
2628,2407,treino,3
2629,2408,treino,3
2630,2409,treino,2
2631,2410,teste,-1
2632,2411,treino,1
2633,2412,treino,1
2634,2413,treino,0
2635,2414,treino,0
2636,2415,teste,-1
2637,2416,treino,0
2638,2417,treino,0
2639,2418,teste,-1
2640,2419,treino,4
2641,2420,treino,4
2642,2421,treino,2
2643,2422,teste,-1
2644,2423,treino,1
2645,2424,treino,2
2646,2425,treino,2
2647,2426,treino,2
2648,2427,treino,1
2649,2428,treino,0
2650,2429,teste,-1
2651,2430,teste,-1
2652,2431,treino,4
2653,2432,treino,4
2654,2433,treino,0
2655,2434,teste,-1
2656,2435,treino,2
2657,2436,treino,4
2658,2437,teste,-1
2659,2438,treino,1
2660,2439,treino,2
2661,2440,treino,4
2662,2441,treino,2
2663,2442,treino,4
2664,2443,treino,3
2665,2444,treino,1
2666,2445,treino,1
2667,2446,treino,4
2668,2447,teste,-1
2669,2448,treino,3
2670,2449,treino,3
2671,2450,treino,0
2672,2451,treino,2
2673,2452,treino,4
2674,2453,treino,1
2675,2454,teste,-1
2676,2455,treino,1
2677,2456,treino,4
2678,2457,treino,4
2679,2458,treino,3
2680,2459,treino,0
2681,2460,teste,-1
2682,2461,treino,2
2683,2462,treino,4
2684,2463,treino,2
2685,2464,treino,3
2686,2465,treino,3
2687,2466,treino,2
2688,2467,treino,2
2689,2468,treino,4
2690,2469,treino,4
2691,2470,teste,-1
2692,2471,treino,0
2693,2472,treino,1
2694,2473,treino,4
2695,2474,treino,4
2696,2475,treino,2
2697,2476,treino,4
2698,2477,treino,0
2699,2478,treino,4
2700,2479,treino,4
2701,2480,treino,2
2702,2481,treino,1
2703,2482,treino,2
2704,2483,treino,2
2705,2484,treino,3
2706,2485,treino,1
2707,2486,treino,4
2708,2487,treino,3
2709,2488,treino,1
2710,2489,treino,3
2711,2490,treino,2
2712,2491,treino,2
2713,2492,teste,-1
2714,2493,treino,4
2715,2494,teste,-1
2716,2495,treino,2
2717,2496,treino,1
2718,2497,treino,1
2719,2498,treino,4
2720,2499,teste,-1
2721,2500,treino,1
2722,2501,treino,3
2723,2502,treino,1
2724,2503,teste,-1
2725,2504,treino,3
2726,2505,teste,-1
2727,2506,treino,1
2728,2507,treino,4
2729,2508,treino,4
2730,2509,treino,4
2731,2510,teste,-1
2732,2511,teste,-1
2733,2512,treino,1
2734,2513,treino,0
2735,2514,treino,2
2736,2515,treino,2
2737,2516,treino,0
2738,2517,teste,-1
2739,2518,teste,-1
2740,2519,teste,-1
2741,2520,treino,2
2742,2521,treino,3
2743,2522,teste,-1
2744,2523,treino,0
2745,2524,treino,0
2746,2525,treino,4
2747,2526,treino,0
2748,2527,treino,0
2749,2528,teste,-1
2750,2529,treino,1
2751,2530,treino,1
2752,2531,treino,4
2753,2532,treino,1
2754,2533,treino,4
2755,2534,treino,0
2756,2535,treino,0
2757,2536,treino,2
2758,2537,treino,4
2759,2538,treino,1
2760,2539,treino,3
2761,2540,treino,1
2762,2541,treino,2
2763,2542,treino,4
2764,2543,treino,1
2765,2544,treino,3
2766,2545,treino,4
2767,2546,treino,3
2768,2547,treino,1
2769,2548,treino,2
2770,2549,treino,1
2771,2550,treino,3
2772,2551,treino,2
2773,2552,treino,3
2774,2553,treino,2
2775,2554,treino,1
2776,2555,treino,3
2777,2556,teste,-1
2778,2557,treino,3
2779,2558,treino,3
2780,2559,teste,-1
2781,2560,treino,2
2782,2561,treino,3
2783,2562,treino,3
2784,2563,treino,4
2785,2564,teste,-1
2786,2565,treino,0
2787,2566,treino,4
2788,2567,treino,3
2789,2568,treino,3
2790,2569,treino,3
2791,2570,treino,1
2792,2571,teste,-1
2793,2572,treino,2
2794,2573,treino,4
2795,2574,treino,1
2796,2575,treino,3
2797,2576,treino,2
2798,2577,treino,2
2799,2578,teste,-1
2800,2579,treino,1
2801,2580,treino,3
2802,2581,treino,1
2803,2582,treino,3
2804,2583,treino,0
2805,2584,treino,2
2806,2585,teste,-1
2807,2586,teste,-1
2808,2587,treino,4
2809,2588,teste,-1
2810,2589,teste,-1
2811,2590,treino,1
2812,2591,treino,2
2813,2592,treino,0
2814,2593,treino,2
2815,2594,treino,2
2816,2595,treino,0
2817,2596,treino,2
2818,499,treino,1
2819,2597,teste,-1
2820,2598,treino,1
2821,2599,treino,4
2822,2600,treino,1
2823,2601,teste,-1
2824,2602,treino,1
2825,2603,teste,-1
2826,2604,treino,4
2827,2605,treino,0
2828,2606,teste,-1
2829,2607,treino,3
2830,2608,treino,2
2831,2609,treino,0
2832,2610,teste,-1
2833,2611,treino,0
2834,2612,teste,-1
2835,2613,treino,1
2836,2614,treino,4
2837,2615,treino,0
2838,2616,treino,2
2839,2617,treino,3
2840,2618,teste,-1
2841,2619,treino,2
2842,2620,treino,0
2843,2621,treino,0
2844,2622,treino,0
2845,2623,treino,0
2846,2624,treino,3
2847,2625,teste,-1
2848,2626,treino,1
2849,2627,treino,3
2850,2628,treino,1
2851,2629,treino,0
2852,2630,treino,4
2853,2631,treino,3
2854,2632,treino,1
2855,2633,treino,1
2856,2634,treino,1
2857,2635,treino,1
2858,2636,treino,2
2859,2637,treino,3
2860,2638,treino,0
2861,2639,treino,2
2862,2640,treino,2
2863,2641,treino,3
2864,2642,treino,3
2865,2643,treino,0
2866,2644,teste,-1
2867,2645,treino,0
2868,1346,treino,0
2869,2646,treino,3
2870,2647,teste,-1
2871,2648,treino,1
2872,2649,teste,-1
2873,2650,treino,2
2874,2651,teste,-1
2875,2652,teste,-1
2876,2653,treino,3
2877,2654,treino,1
2878,2655,teste,-1
2879,2656,treino,3
2880,2657,treino,2
2881,2658,treino,0
2882,2659,treino,1
2883,2660,teste,-1
2884,2661,treino,2
2885,2662,treino,0
2886,2663,treino,2
2887,2664,teste,-1
2888,2665,teste,-1
2889,2666,teste,-1
2890,2667,teste,-1
2891,2668,treino,4
2892,2669,treino,4
2893,2670,treino,1
2894,2671,treino,1
2895,2672,treino,1
2896,2673,treino,2
2897,2674,teste,-1
2898,2675,treino,1
2899,2676,treino,3
2900,2677,treino,4
2901,2678,treino,1
2902,2679,treino,3
2903,2680,treino,0
2904,2681,teste,-1
2905,2682,treino,0
2906,2683,treino,2
2907,2684,treino,3
2908,2685,treino,0
2909,2686,treino,3
2910,2687,treino,2
2911,2688,treino,3
2912,2689,treino,2
2913,2690,treino,4
2914,2691,treino,1
2915,2692,treino,1
2916,2693,treino,2
2917,2694,teste,-1
2918,2695,treino,0
2919,2696,teste,-1
2920,2697,treino,1
2921,2698,teste,-1
2922,2699,teste,-1
2923,2700,treino,3
2924,2701,treino,0
2925,2702,treino,0
2926,2703,treino,4
2927,2704,treino,0
2928,2705,treino,3
2929,2706,treino,3
2930,2707,treino,2
2931,2708,treino,2
2932,2709,treino,2
2933,2710,treino,3
2934,2711,treino,4
2935,2712,treino,3
2936,2713,treino,3
2937,2714,teste,-1
2938,2715,treino,3
2939,2716,treino,0
2940,2717,treino,0
2941,2718,treino,4
2942,2719,treino,3
2943,2720,treino,3
2944,2721,treino,1
2945,2722,treino,4
2946,2723,treino,4
2947,2724,treino,1
2948,2725,treino,4
2949,2726,treino,1
2950,2727,teste,-1
2951,2728,treino,1
2952,2729,treino,4
2953,2730,treino,1
2954,2731,treino,1
2955,2732,treino,4
2956,2733,treino,1
2957,2734,treino,1
2958,2735,treino,0
2959,2736,treino,3
2960,2737,teste,-1
2961,2738,treino,2
2962,2739,teste,-1
2963,2740,teste,-1
2964,2741,teste,-1
2965,2742,treino,4
2966,2743,teste,-1
2967,2744,teste,-1
2968,2745,treino,4
2969,2746,treino,1
2970,2747,treino,0
2971,2748,treino,1
2972,2749,treino,0
2973,2750,teste,-1
2974,2751,treino,3
2975,2752,treino,2
2976,2753,treino,3
2977,2754,treino,4
2978,2755,treino,0
2979,2756,treino,1
2980,2757,treino,4
2981,2758,treino,3
2982,2759,treino,2
2983,2760,treino,2
2984,2761,treino,4
2985,2762,treino,2
2986,2763,treino,3
2987,2764,treino,1
2988,2765,teste,-1
2989,2766,treino,3
2990,2767,treino,1
2991,2768,treino,0
2992,2769,treino,2
2993,2770,treino,0
2994,2771,treino,2
2995,2772,treino,3
2996,2773,treino,1
2997,2774,treino,1
2998,2775,teste,-1
2999,2776,treino,2
3000,2777,treino,1
3001,2778,treino,0
3002,2779,treino,0
3003,2780,treino,4
3004,2781,teste,-1
3005,2782,treino,4
3006,2783,treino,2
3007,2784,treino,0
3008,2785,treino,4
3009,2786,treino,4
3010,2787,treino,0
3011,2788,treino,1
3012,2789,treino,2
3013,2790,treino,0
3014,2791,treino,3
3015,2792,treino,3
3016,2793,treino,0
3017,2794,treino,2
3018,598,treino,4
3019,2795,treino,2
3020,2796,teste,-1
3021,2797,teste,-1
3022,2798,treino,0
3023,2799,treino,1
3024,2800,teste,-1
3025,2801,treino,0
3026,2802,treino,4
3027,2803,treino,2
3028,2804,treino,2
3029,2805,treino,1
3030,2806,teste,-1
3031,2807,treino,0
3032,2808,teste,-1
3033,2809,treino,4
3034,2810,teste,-1
3035,2811,treino,4
3036,2812,treino,2
3037,2813,treino,2
3038,2814,treino,1
3039,2815,teste,-1
3040,2816,treino,1
3041,2817,treino,2
3042,2818,treino,1
3043,2819,treino,3
3044,2820,treino,1
3045,2821,treino,1
3046,2822,treino,4
3047,2823,teste,-1
3048,2824,treino,3
3049,2825,treino,0
3050,1881,treino,2
3051,1882,teste,-1
3052,1883,treino,0
3053,1884,treino,3
3054,1885,teste,-1
3055,1886,treino,1
3056,1887,treino,4
3057,1888,treino,2
3058,1889,treino,0
3059,1890,treino,2
3060,1891,treino,4
3061,2826,treino,1
3062,2827,treino,4
3063,1894,treino,3
3064,1895,treino,4
3065,1896,treino,4
3066,1897,treino,3
3067,1898,treino,3
3068,1899,treino,0
3069,1900,treino,3
3070,1901,teste,-1
3071,1902,treino,3
3072,2828,treino,4
3073,1904,treino,4
3074,1905,treino,0
3075,1906,treino,0
3076,1907,teste,-1
3077,2829,treino,0
3078,1909,treino,1
3079,1910,treino,4
3080,1911,treino,1
3081,1912,teste,-1
3082,1913,treino,1
3083,1914,treino,1
3084,1915,treino,3
3085,1916,treino,0
3086,1917,treino,3
3087,1918,treino,2
3088,1919,treino,1
3089,1920,treino,0
3090,1921,treino,2
3091,1922,treino,4
3092,1923,treino,4
3093,1924,treino,3
3094,1925,treino,2
3095,2830,teste,-1
3096,2831,treino,3
3097,2832,treino,1
3098,1929,treino,1
3099,2833,treino,1
3100,1881,treino,2
3101,1882,teste,-1
3102,1883,treino,0
3103,1884,treino,3
3104,1885,teste,-1
3105,1886,treino,1
3106,1887,treino,4
3107,1888,treino,2
3108,1889,treino,0
3109,1890,treino,2
3110,1891,treino,4
3111,2826,treino,1
3112,1893,treino,0
3113,1894,treino,3
3114,1895,treino,4
3115,1896,treino,4
3116,1897,treino,3
3117,1898,treino,3
3118,1899,treino,0
3119,1900,treino,3
3120,1901,teste,-1
3121,1902,treino,3
3122,2828,treino,4
3123,2834,treino,0
3124,1905,treino,0
3125,1906,treino,0
3126,1907,teste,-1
3127,1908,teste,-1
3128,1909,treino,1
3129,1910,treino,4
3130,1911,treino,1
3131,2835,teste,-1
3132,1913,treino,1
3133,1914,treino,1
3134,1915,treino,3
3135,1916,treino,0
3136,1917,treino,3
3137,1918,treino,2
3138,1919,treino,1
3139,1920,treino,0
3140,1921,treino,2
3141,1922,treino,4
3142,1923,treino,4
3143,1924,treino,3
3144,1925,treino,2
3145,2830,teste,-1
3146,2831,treino,3
3147,2832,treino,1
3148,1929,treino,1
3149,2833,treino,1
